{
  "hash": "d76bc49c",
  "configHash": "5fe9b33d",
  "lockfileHash": "ddbe3fab",
  "browserHash": "52220c4d",
  "optimized": {
    "@angular/common": {
      "src": "../../../../../../node_modules/@angular/common/fesm2022/common.mjs",
      "file": "@angular_common.js",
      "fileHash": "496a08ce",
      "needsInterop": false
    },
    "@angular/common/http": {
      "src": "../../../../../../node_modules/@angular/common/fesm2022/http.mjs",
      "file": "@angular_common_http.js",
      "fileHash": "e188fa35",
      "needsInterop": false
    },
    "@angular/core": {
      "src": "../../../../../../node_modules/@angular/core/fesm2022/core.mjs",
      "file": "@angular_core.js",
      "fileHash": "9958eaea",
      "needsInterop": false
    },
    "@angular/forms": {
      "src": "../../../../../../node_modules/@angular/forms/fesm2022/forms.mjs",
      "file": "@angular_forms.js",
      "fileHash": "aa4949c4",
      "needsInterop": false
    },
    "@angular/platform-browser": {
      "src": "../../../../../../node_modules/@angular/platform-browser/fesm2022/platform-browser.mjs",
      "file": "@angular_platform-browser.js",
      "fileHash": "45878a90",
      "needsInterop": false
    },
    "@angular/router": {
      "src": "../../../../../../node_modules/@angular/router/fesm2022/router.mjs",
      "file": "@angular_router.js",
      "fileHash": "bd980673",
      "needsInterop": false
    },
    "rxjs": {
      "src": "../../../../../../node_modules/rxjs/dist/esm5/index.js",
      "file": "rxjs.js",
      "fileHash": "371793ab",
      "needsInterop": false
    }
  },
  "chunks": {
    "chunk-VUSIUU2D": {
      "file": "chunk-VUSIUU2D.js"
    },
    "chunk-ET5SAGGE": {
      "file": "chunk-ET5SAGGE.js"
    },
    "chunk-JS2GI3JY": {
      "file": "chunk-JS2GI3JY.js"
    },
    "chunk-JYXXJTPI": {
      "file": "chunk-JYXXJTPI.js"
    },
    "chunk-5TID76VL": {
      "file": "chunk-5TID76VL.js"
    }
  }
}